# Hand labels for automatic Reader evaluation (reader_eval.py), judged from
# the 480x272 replay frames and census judgements of October 2026: what the
# page shows as loaded (a challenge or block page is "other").
# name	label (article, listing, app, other)
aljazeera-home	listing
amazon	other
apnews-home	other
archive-org	app
bbc-article	article
bbc-home	listing
bbc-sport	listing
bluesky	app
cnn-home	listing
cnn-lite	listing
craigslist	listing
duckduckgo-html	listing
ebay	other
espn-home	listing
etsy	other
eurogamer	listing
fandom	other
gamefaqs	other
gbatemp	other
github-file	article
github-readme	app
gitlab	app
google-search	other
guardian-article	article
guardian-home	listing
hacker-news	listing
ign	listing
imdb	other
itch-io	listing
lobsters	listing
mastodon	other
mdn	article
medium	other
nintendolife	listing
npr-home	listing
npr-text	listing
nyt-home	other
old-reddit	other
openstreetmap	app
reuters-home	listing
rottentomatoes	other
stackoverflow	other
steam	other
substack	listing
timeanddate	other
wapo-home	listing
weather-com	app
weather-gov	app
wikipedia-article	article
wikipedia-home	listing
wiktionary	article
wordpress	listing
www-reddit	listing
xe	app
youtube-watch	other
