# name	tags	url
# One representative page per site; two where home and article differ.
# Tags select subsets: replay.sh news, replay.sh reference,article, ...
cnn-home	news,home	https://www.cnn.com/
cnn-lite	news,text	https://lite.cnn.com/
bbc-home	news,home	https://www.bbc.com/news
bbc-article	news,article	https://www.bbc.co.uk/news/articles/cj62ylzpr6d3o
nyt-home	news,home	https://www.nytimes.com/
apnews-home	news,home	https://apnews.com/
reuters-home	news,home	https://www.reuters.com/
guardian-home	news,home	https://www.theguardian.com/international
guardian-article	news,article	https://www.theguardian.com/politics/2026/oct/05/no-queues-empty-seats-and-the-worst-speech-ever-heard-welcome-to-the-tory-conference
npr-home	news,home	https://www.npr.org/
npr-text	news,text	https://text.npr.org/
wapo-home	news,home	https://www.washingtonpost.com/
aljazeera-home	news,home	https://www.aljazeera.com/
bbc-sport	news,sport	https://www.bbc.com/sport
espn-home	news,sport	https://www.espn.com/
wikipedia-article	reference,article	https://en.wikipedia.org/wiki/PlayStation_Portable
wikipedia-home	reference,home	https://en.wikipedia.org/wiki/Main_Page
wiktionary	reference,article	https://en.wiktionary.org/wiki/portable
mdn	reference,article,dev	https://developer.mozilla.org/en-US/docs/Web/JavaScript/Reference/Global_Objects/Array/map
stackoverflow	reference,forum,dev	https://stackoverflow.com/questions/11227809/why-is-processing-a-sorted-array-faster-than-processing-an-unsorted-array
archive-org	reference,home	https://archive.org/
old-reddit	social,forum	https://old.reddit.com/r/PSP/
www-reddit	social,forum	https://www.reddit.com/r/PSP/
hacker-news	social,forum	https://news.ycombinator.com/
lobsters	social,forum	https://lobste.rs/
mastodon	social	https://mastodon.social/public/local
bluesky	social	https://bsky.app/profile/bsky.app
github-readme	dev	https://github.com/pspdev/pspsdk
github-file	dev	https://github.com/pspdev/pspsdk/blob/master/README.md
gitlab	dev	https://gitlab.com/gitlab-org/gitlab
gamefaqs	games	https://gamefaqs.gamespot.com/psp
fandom	games,article	https://monsterhunter.fandom.com/wiki/Monster_Hunter_Freedom_Unite
ign	games,news	https://www.ign.com/
itch-io	games,shopping	https://itch.io/games
steam	games,shopping	https://store.steampowered.com/app/620/Portal_2/
nintendolife	games,news	https://www.nintendolife.com/
eurogamer	games,news	https://www.eurogamer.net/
gbatemp	games,forum	https://gbatemp.net/
amazon	shopping	https://www.amazon.com/dp/1593279280
ebay	shopping	https://www.ebay.com/sch/i.html?_nkw=psp+3000
craigslist	shopping	https://sfbay.craigslist.org/search/sss?query=psp
etsy	shopping	https://www.etsy.com/search?q=psp
youtube-watch	media	https://www.youtube.com/watch?v=jNQXAC9IVRw
imdb	media	https://www.imdb.com/title/tt0133093/
rottentomatoes	media	https://www.rottentomatoes.com/m/the_matrix
weather-gov	utility	https://forecast.weather.gov/MapClick.php?lat=37.7749&lon=-122.4194
weather-com	utility	https://weather.com/weather/today/l/USCA0987:1:US
duckduckgo-html	utility,search	https://html.duckduckgo.com/html/?q=playstation+portable
google-search	utility,search	https://www.google.com/search?q=playstation+portable
openstreetmap	utility	https://www.openstreetmap.org/#map=12/37.7749/-122.4194
timeanddate	utility	https://www.timeanddate.com/worldclock/
xe	utility	https://www.xe.com/currencyconverter/convert/?Amount=1&From=USD&To=EUR
medium	blog	https://medium.com/tag/programming
substack	blog	https://www.astralcodexten.com/
wordpress	blog	https://en.blog.wordpress.com/
