# id	suite	panel	kind	test	reference	viewport-width	viewport-height
shadow-attach	html	shadow-dom	testharness	shadow-dom/Element-interface-attachShadow.html	-
shadow-root-attribute	html	shadow-dom	testharness	shadow-dom/Element-interface-shadowRoot-attribute.html	-
shadow-root-interface	html	shadow-dom	testharness	shadow-dom/ShadowRoot-interface.html	-
shadow-slot-interface	html	shadow-dom	testharness	shadow-dom/HTMLSlotElement-interface.html	-
shadow-slottable-mixin	html	shadow-dom	testharness	shadow-dom/Slottable-mixin.html	-
shadow-event-composed	html	shadow-events	testharness	shadow-dom/event-composed.html	-
shadow-event-path	html	shadow-events	testharness	shadow-dom/event-composed-path.html	-
shadow-event-inside-tree	html	shadow-events	testharness	shadow-dom/event-inside-shadow-tree.html	-
shadow-event-inside-slot	html	shadow-events	testharness	shadow-dom/event-inside-slotted-node.html	-
shadow-slotchange	html	shadow-events	testharness	shadow-dom/slotchange-event.html	-
custom-registry	html	custom-elements	testharness	custom-elements/CustomElementRegistry.html	-
custom-registry-get-name	html	custom-elements	testharness	custom-elements/CustomElementRegistry-getName.html	-
custom-create-element	html	custom-elements	testharness	custom-elements/Document-createElement.html	-
custom-attribute-callback	html	custom-elements	testharness	custom-elements/attribute-changed-callback.html	-
custom-connected-callback	html	custom-elements	testharness	custom-elements/connected-callbacks.html	-
custom-disconnected-callback	html	custom-elements	testharness	custom-elements/disconnected-callbacks.html	-
custom-adopted-callback	html	custom-elements	testharness	custom-elements/adopted-callback.html	-
custom-reaction-queue	html	custom-elements	testharness	custom-elements/custom-element-reaction-queue.html	-
custom-upgrading	html	custom-elements	testharness	custom-elements/upgrading.html	-
custom-defined-pseudo	html	custom-elements	testharness	custom-elements/pseudo-class-defined.html	-
resize-simple	html	resize-observer	testharness	resize-observer/observe-001.html	-
resize-observe-once	html	resize-observer	testharness	resize-observer/observe-002.html	-
resize-invalid-target	html	resize-observer	testharness	resize-observer/observe-003.html	-
resize-disconnect	html	resize-observer	testharness	resize-observer/observe-004.html	-
resize-unobserve	html	resize-observer	testharness	resize-observer/observe-005.html	-
resize-callback-this	html	resize-observer	testharness	resize-observer/observe-008.html	-
resize-content-box	html	resize-observer-boxes	testharness	resize-observer/observe-009.html	-
resize-content-box-padding	html	resize-observer-boxes	testharness	resize-observer/observe-010.html	-
resize-notification	html	resize-observer-boxes	testharness	resize-observer/notify.html	-
resize-observer-ordering	html	resize-observer-ordering	testharness	resize-observer/ordering.html	-
resize-event-loop	html	resize-observer-ordering	testharness	resize-observer/eventloop.html	-
