# id	suite	panel	kind	test	reference
user-select-valid	css	interaction-policy	testharness	css/css-ui/parsing/user-select-valid.html	-
user-select-computed	css	interaction-policy	testharness	css/css-ui/parsing/user-select-computed.html	-
touch-action-valid	css	interaction-policy	testharness	pointerevents/parsing/touch-action-valid.html	-
touch-action-computed	css	interaction-policy	testharness	pointerevents/parsing/touch-action-computed.html	-
resize-valid	css	control-resizing	testharness	css/css-ui/parsing/resize-valid.html	-
resize-computed	css	control-resizing	testharness	css/css-ui/parsing/resize-computed.html	-
text-size-adjust-valid	css	mobile-typography	testharness	css/css-size-adjust/parsing/text-size-adjust-valid.html	-
text-size-adjust-computed	css	mobile-typography	testharness	css/css-size-adjust/parsing/text-size-adjust-computed.html	-
text-wrap-valid	css	mobile-typography	testharness	css/css-text/parsing/text-wrap-valid.html	-
text-wrap-style-valid	css	mobile-typography	testharness	css/css-text/parsing/text-wrap-style-valid.html	-
text-wrap-balance-height	css	mobile-typography	testharness	css/css-text/white-space/text-wrap-balance-001.html	-
translate-valid	css	individual-transforms	testharness	css/css-transforms/parsing/translate-parsing-valid.html	-
translate-computed	css	individual-transforms	testharness	css/css-transforms/parsing/translate-parsing-computed.html	-
rotate-valid	css	individual-transforms	testharness	css/css-transforms/parsing/rotate-parsing-valid.html	-
rotate-computed	css	individual-transforms	testharness	css/css-transforms/parsing/rotate-parsing-computed.html	-
scale-valid	css	individual-transforms	testharness	css/css-transforms/parsing/scale-parsing-valid.html	-
scale-computed	css	individual-transforms	testharness	css/css-transforms/parsing/scale-parsing-computed.html	-
isolation-valid	css	stacking-isolation	testharness	css/compositing/parsing/isolation-valid.html	-
isolation-computed	css	stacking-isolation	testharness	css/compositing/parsing/isolation-computed.html	-
width-intrinsic-keywords	css	intrinsic-sizing	testharness	css/css-box/parsing/width-valid.html	-
max-width-intrinsic-keywords	css	intrinsic-sizing	testharness	css/css-box/parsing/max-width-valid.html	-
flex-basis-intrinsic-keywords	css	intrinsic-sizing	testharness	css/css-flexbox/parsing/flex-basis-valid.html	-
flex-basis-intrinsic-computed	css	intrinsic-sizing	testharness	css/css-flexbox/parsing/flex-basis-computed.html	-
webkit-line-clamp-overflow	css	line-clamp	reftest	css/css-overflow/line-clamp/webkit-line-clamp-005.html	css/css-overflow/line-clamp/reference/webkit-line-clamp-005-ref.html
webkit-line-clamp-sizing	css	line-clamp	reftest	css/css-overflow/line-clamp/webkit-line-clamp-006.html	css/css-overflow/line-clamp/reference/webkit-line-clamp-006-ref.html
content-visibility-valid	css	content-visibility	testharness	css/css-contain/content-visibility/parsing/content-visibility-valid.html	-
content-visibility-computed	css	content-visibility	testharness	css/css-contain/content-visibility/parsing/content-visibility-computed.html	-
content-visibility-hidden-paint	css	content-visibility	reftest	css/css-contain/content-visibility/content-visibility-001.html	css/css-contain/content-visibility/container-ref.html
