English	Spanish	French	German	Japanese	Russian	Ukrainian	Chinese (Simplified)	Korean	Hindi	Arabic
Settings	Ajustes	Réglages	Einstellungen	設定	Настройки	Налаштування	设置	설정	सेटिंग्स	الإعدادات
Appearance	Aspecto	Apparence	Darstellung	表示	Внешний вид	Вигляд	外观	화면	दिखावट	المظهر
Browsing & input	Navegación y entrada	Navigation et saisie	Surfen und Eingabe	閲覧と入力	Просмотр и ввод	Перегляд і введення	浏览与输入	탐색 및 입력	ब्राउज़िंग और इनपुट	التصفح والإدخال
Video	Vídeo	Vidéo	Video	動画	Видео	Відео	视频	동영상	वीडियो	الفيديو
Privacy & security	Privacidad y seguridad	Confidentialité	Datenschutz	プライバシー	Защита данных	Захист даних	隐私与安全	개인정보 및 보안	गोपनीयता और सुरक्षा	الخصوصية والأمان
Device & storage	Dispositivo y espacio	Appareil et stockage	Gerät und Speicher	本体と保存	Устройство и память	Пристрій і пам’ять	设备与存储	기기 및 저장소	डिवाइस और संग्रह	الجهاز والتخزين
Updates	Actualizaciones	Mises à jour	Updates	更新	Обновления	Оновлення	更新	업데이트	अपडेट	التحديثات
Language & emoji	Idioma y emoji	Langue et emoji	Sprache und Emoji	言語と絵文字	Язык и эмодзи	Мова й емодзі	语言与表情	언어 및 이모지	भाषा और इमोजी	اللغة والرموز
Interface language	Idioma de la interfaz	Langue de l’interface	Oberflächensprache	表示言語	Язык интерфейса	Мова інтерфейсу	界面语言	인터페이스 언어	इंटरफ़ेस भाषा	لغة الواجهة
Page glyphs	Caracteres de páginas	Caractères des pages	Seitenschriftzeichen	ページの文字	Шрифты страниц	Шрифти сторінок	网页字符	웹페이지 글꼴	पेज के अक्षर	خطوط الصفحات
Language	Idioma	Langue	Sprache	言語	Язык	Мова	语言	언어	भाषा	اللغة
Language pack	Paquete de idioma	Pack de langue	Sprachpaket	言語パック	Языковой пакет	Мовний пакет	语言包	언어 팩	भाषा पैक	حزمة اللغة
Emoji	Emoji	Emoji	Emoji	絵文字	Эмодзи	Емодзі	表情	이모지	इमोजी	الرموز
Color pack	Paquete de color	Pack couleur	Farbpaket	カラー絵文字	Цветной пакет	Кольоровий пакет	彩色包	컬러 팩	रंगीन पैक	حزمة الألوان
Embedded	Integrados	Intégrés	Eingebaut	内蔵	Встроенные	Вбудовані	内置	내장	अंतर्निहित	مدمج
Built in	Integrado	Intégré	Eingebaut	内蔵	Встроено	Вбудовано	内置	내장	अंतर्निहित	مدمج
Color emoji pack	Paquete de emoji	Pack emoji couleur	Farb-Emoji-Paket	カラー絵文字パック	Цветные эмодзи	Кольорові емодзі	彩色表情包	컬러 이모지 팩	रंगीन इमोजी पैक	حزمة رموز ملونة
Offer language packs	Ofrecer idiomas	Proposer des langues	Sprachpakete anbieten	言語パックの案内	Предлагать пакеты	Пропонувати пакети	推荐语言包	언어 팩 제안	भाषा पैक सुझाएँ	اقتراح حزم اللغة
Reset declined offers	Restablecer avisos	Réinitialiser les refus	Ablehnungen zurücksetzen	非表示にした案内を戻す	Сбросить отказы	Скинути відмови	重置已拒绝提示	거절한 제안 초기화	अस्वीकृत सुझाव मिटाएँ	مسح الاقتراحات المرفوضة
On	Sí	Oui	Ein	オン	Вкл.	Увімк.	开	켜기	चालू	تشغيل
Off	No	Non	Aus	オフ	Выкл.	Вимк.	关	끄기	बंद	إيقاف
Ask	Preguntar	Demander	Nachfragen	確認	Спрашивать	Запитувати	询问	묻기	पूछें	اسأل
Automatic	Automático	Automatique	Automatisch	自動	Автоматически	Автоматично	自动	자동	स्वचालित	تلقائي
Auto	Auto	Auto	Auto	自動	Авто	Авто	自动	자동	स्वचालित	تلقائي
Default	Predeterminado	Par défaut	Standard	標準	По умолчанию	Типово	默认	기본값	डिफ़ॉल्ट	افتراضي
Active	Activo	Actif	Aktiv	使用中	Активно	Активно	使用中	사용 중	सक्रिय	نشط
Not installed	No instalado	Non installé	Nicht installiert	未インストール	Не установлен	Не встановлено	未安装	미설치	इंस्टॉल नहीं	غير مثبت
Ready	Listo	Prêt	Bereit	準備完了	Готово	Готово	就绪	준비됨	तैयार	جاهز
Checking	Comprobando	Vérification	Prüfung	確認中	Проверка	Перевірка	检查中	확인 중	जाँच जारी	جار الفحص
Downloading	Descargando	Téléchargement	Download	ダウンロード中	Загрузка	Завантаження	下载中	다운로드 중	डाउनलोड जारी	جار التنزيل
Installing	Instalando	Installation	Installation	インストール中	Установка	Встановлення	安装中	설치 중	इंस्टॉल जारी	جار التثبيت
Error	Error	Erreur	Fehler	エラー	Ошибка	Помилка	错误	오류	त्रुटि	خطأ
Cancel	Cancelar	Annuler	Abbrechen	キャンセル	Отмена	Скасувати	取消	취소	रद्द करें	إلغاء
Retry	Reintentar	Réessayer	Erneut versuchen	再試行	Повторить	Повторити	重试	다시 시도	फिर प्रयास	إعادة المحاولة
Back	Atrás	Retour	Zurück	戻る	Назад	Назад	返回	뒤로	वापस	رجوع
Close	Cerrar	Fermer	Schließen	閉じる	Закрыть	Закрити	关闭	닫기	बंद करें	إغلاق
Loading	Cargando	Chargement	Laden	読み込み中	Загрузка	Завантаження	加载中	불러오는 중	लोड हो रहा है	جار التحميل
Search	Buscar	Rechercher	Suchen	検索	Поиск	Пошук	搜索	검색	खोजें	بحث
Home	Inicio	Accueil	Startseite	ホーム	Главная	Головна	首页	홈	मुखपृष्ठ	الرئيسية
Bookmarks	Marcadores	Favoris	Lesezeichen	ブックマーク	Закладки	Закладки	书签	북마크	बुकमार्क	الإشارات
History	Historial	Historique	Verlauf	履歴	История	Історія	历史记录	방문 기록	इतिहास	السجل
Collections	Colecciones	Collections	Sammlungen	コレクション	Коллекции	Колекції	收藏集	모음	संग्रह	المجموعات
Tabs	Pestañas	Onglets	Tabs	タブ	Вкладки	Вкладки	标签页	탭	टैब	التبويبات
Library	Biblioteca	Bibliothèque	Bibliothek	ライブラリ	Библиотека	Бібліотека	资料库	라이브러리	लाइब्रेरी	المكتبة
Reader	Lectura	Lecture	Lesemodus	リーダー	Чтение	Читання	阅读	읽기	पठन	القراءة
Reader mode	Modo lectura	Mode lecture	Lesemodus	リーダーモード	Режим чтения	Режим читання	阅读模式	읽기 모드	पठन मोड	وضع القراءة
Basic view	Vista básica	Vue simple	Basisansicht	簡易表示	Простой вид	Спрощений вигляд	简洁视图	간소화 보기	सरल दृश्य	العرض المبسط
Find in page	Buscar en página	Chercher dans la page	In Seite suchen	ページ内検索	Найти на странице	Знайти на сторінці	页内查找	페이지에서 찾기	पेज में खोजें	بحث في الصفحة
Reload	Recargar	Actualiser	Neu laden	再読み込み	Обновить	Оновити	重新加载	새로고침	फिर लोड करें	إعادة التحميل
Forward	Adelante	Suivant	Vorwärts	進む	Вперёд	Уперед	前进	앞으로	आगे	للأمام
Address	Dirección	Adresse	Adresse	アドレス	Адрес	Адреса	地址	주소	पता	العنوان
Search engine	Buscador	Moteur de recherche	Suchmaschine	検索エンジン	Поисковик	Пошуковик	搜索引擎	검색 엔진	खोज इंजन	محرك البحث
Page text size	Tamaño de texto	Taille du texte	Seitentextgröße	ページの文字サイズ	Текст страницы	Текст сторінки	网页字号	웹페이지 글자 크기	पेज का पाठ आकार	حجم نص الصفحة
Browser text size	Texto del navegador	Texte du navigateur	Browsertextgröße	ブラウザーの文字サイズ	Текст браузера	Текст браузера	浏览器字号	브라우저 글자 크기	ब्राउज़र पाठ आकार	حجم نص المتصفح
Chrome theme	Tema de interfaz	Thème de l’interface	Oberflächendesign	テーマ	Тема интерфейса	Тема інтерфейсу	界面主题	인터페이스 테마	इंटरफ़ेस थीम	سمة الواجهة
Page colors	Colores de página	Couleurs des pages	Seitenfarben	ページの色	Цвета страницы	Кольори сторінки	网页配色	웹페이지 색상	पेज के रंग	ألوان الصفحة
Dark	Oscuro	Sombre	Dunkel	ダーク	Тёмная	Темна	深色	어두움	गहरा	داكن
Light	Claro	Clair	Hell	ライト	Светлая	Світла	浅色	밝음	हल्का	فاتح
Text entry	Entrada de texto	Saisie de texte	Texteingabe	文字入力	Ввод текста	Введення тексту	文本输入	문자 입력	पाठ इनपुट	إدخال النص
Analog cursor	Cursor analógico	Curseur analogique	Analog-Cursor	アナログカーソル	Аналоговый курсор	Аналоговий курсор	摇杆光标	아날로그 커서	एनालॉग कर्सर	المؤشر التناظري
JavaScript	JavaScript	JavaScript	JavaScript	JavaScript	JavaScript	JavaScript	JavaScript	JavaScript	JavaScript	JavaScript
Audio & subtitles	Audio y subtítulos	Audio et sous-titres	Audio und Untertitel	音声と字幕	Звук и субтитры	Звук і субтитри	音频与字幕	오디오 및 자막	ऑडियो और उपशीर्षक	الصوت والترجمة
Audio language	Idioma del audio	Langue audio	Audiosprache	音声の言語	Язык звука	Мова звуку	音频语言	오디오 언어	ऑडियो भाषा	لغة الصوت
Subtitle language	Idioma de subtítulos	Langue des sous-titres	Untertitelsprache	字幕の言語	Язык субтитров	Мова субтитрів	字幕语言	자막 언어	उपशीर्षक भाषा	لغة الترجمة
Alternate language	Idioma alternativo	Autre langue	Zweitsprache	代替言語	Другой язык	Інша мова	备用语言	대체 언어	वैकल्पिक भाषा	لغة بديلة
Subtitle size	Tamaño de subtítulos	Taille des sous-titres	Untertitelgröße	字幕のサイズ	Размер субтитров	Розмір субтитрів	字幕大小	자막 크기	उपशीर्षक आकार	حجم الترجمة
Subtitle background	Fondo de subtítulos	Fond des sous-titres	Untertitelhintergrund	字幕の背景	Фон субтитров	Тло субтитрів	字幕背景	자막 배경	उपशीर्षक पृष्ठभूमि	خلفية الترجمة
Original	Original	Original	Original	元の言語	Оригинал	Оригінал	原始语言	원본	मूल	أصلي
None	Ninguno	Aucun	Keine	なし	Нет	Немає	无	없음	कोई नहीं	بلا
Small	Pequeño	Petit	Klein	小	Маленький	Малий	小	작게	छोटा	صغير
Medium	Mediano	Moyen	Mittel	中	Средний	Середній	中	중간	मध्यम	متوسط
Large	Grande	Grand	Groß	大	Большой	Великий	大	크게	बड़ा	كبير
Shadow	Sombra	Ombre	Schatten	影	Тень	Тінь	阴影	그림자	छाया	ظل
Box	Caja	Cadre	Kasten	背景	Плашка	Плашка	方框	상자	बॉक्स	مربع
Smooth	Suave	Lisse	Glatt	滑らか	Плавно	Плавно	平滑	부드럽게	चिकना	ناعم
Sharp	Nítido	Net	Scharf	鮮明	Чётко	Чітко	清晰	선명하게	तीक्ष्ण	حاد
Video scaling	Escala del vídeo	Échelle vidéo	Videoskalierung	動画の拡大	Масштаб видео	Масштаб відео	视频缩放	동영상 확대	वीडियो आकार	تحجيم الفيديو
Save playback positions	Guardar posiciones	Mémoriser la lecture	Wiedergabepositionen	再生位置の保存	Сохранять позицию	Зберігати позицію	保存播放位置	재생 위치 저장	प्लेबैक स्थिति सहेजें	حفظ مواضع التشغيل
Clear playback positions	Borrar posiciones	Effacer les positions	Positionen löschen	再生位置を消去	Стереть позиции	Стерти позиції	清除播放位置	재생 위치 삭제	प्लेबैक स्थिति मिटाएँ	مسح مواضع التشغيل
Network profile	Perfil de red	Profil réseau	Netzwerkprofil	接続設定	Профиль сети	Профіль мережі	网络配置	네트워크 프로필	नेटवर्क प्रोफ़ाइल	ملف الشبكة
Wi-Fi diagnostics	Diagnóstico Wi-Fi	Diagnostic Wi-Fi	WLAN-Diagnose	Wi-Fi診断	Диагностика Wi-Fi	Діагностика Wi-Fi	Wi-Fi 诊断	Wi-Fi 진단	Wi-Fi निदान	تشخيص Wi-Fi
Check for updates	Buscar actualizaciones	Vérifier les mises à jour	Nach Updates suchen	更新を確認	Проверить обновления	Перевірити оновлення	检查更新	업데이트 확인	अपडेट जाँचें	فحص التحديثات
Check weekly	Comprobar cada semana	Vérifier chaque semaine	Wöchentlich prüfen	毎週確認	Раз в неделю	Раз на тиждень	每周检查	매주 확인	साप्ताहिक जाँच	فحص أسبوعي
Update channel	Canal de actualización	Canal de mise à jour	Update-Kanal	更新チャンネル	Канал обновлений	Канал оновлень	更新渠道	업데이트 채널	अपडेट चैनल	قناة التحديث
Stable	Estable	Stable	Stabil	安定版	Стабильный	Стабільний	稳定版	안정판	स्थिर	مستقر
Beta	Beta	Bêta	Beta	ベータ版	Бета	Бета	测试版	베타	बीटा	تجريبي
Clear cookies	Borrar cookies	Effacer les cookies	Cookies löschen	Cookieを消去	Стереть cookie	Стерти cookie	清除 Cookie	쿠키 삭제	कुकीज़ मिटाएँ	مسح ملفات الارتباط
Clear history	Borrar historial	Effacer l’historique	Verlauf löschen	履歴を消去	Стереть историю	Стерти історію	清除历史记录	방문 기록 삭제	इतिहास मिटाएँ	مسح السجل
Clear cache	Borrar caché	Vider le cache	Cache leeren	キャッシュを消去	Очистить кэш	Очистити кеш	清除缓存	캐시 삭제	कैश मिटाएँ	مسح الذاكرة المؤقتة
Left/Right choose   O Back	Izq./Der. elegir   O Atrás	Gauche/Droite choisir   O Retour	Links/Rechts wählen   O Zurück	左右で選択   O 戻る	Влево/вправо: выбор   O Назад	Ліворуч/праворуч: вибір   O Назад	左右选择   O 返回	좌우 선택   O 뒤로	बाएँ/दाएँ चुनें   O वापस	يسار/يمين للاختيار   O رجوع
X Download pack   O Back	X Descargar   O Atrás	X Télécharger   O Retour	X Herunterladen   O Zurück	X ダウンロード   O 戻る	X Скачать   O Назад	X Завантажити   O Назад	X 下载语言包   O 返回	X 팩 다운로드   O 뒤로	X पैक लें   O वापस	X تنزيل الحزمة   O رجوع
X Cancel   O Back	X Cancelar   O Atrás	X Annuler   O Retour	X Abbrechen   O Zurück	X キャンセル   O 戻る	X Отмена   O Назад	X Скасувати   O Назад	X 取消   O 返回	X 취소   O 뒤로	X रद्द   O वापस	X إلغاء   O رجوع
X Reset   O Back	X Restablecer   O Atrás	X Réinitialiser   O Retour	X Zurücksetzen   O Zurück	X リセット   O 戻る	X Сбросить   O Назад	X Скинути   O Назад	X 重置   O 返回	X 초기화   O 뒤로	X रीसेट   O वापस	X مسح   O رجوع
X Install language   O Back	X Instalar idioma   O Atrás	X Installer la langue   O Retour	X Sprache installieren   O Zurück	X 言語をインストール   O 戻る	X Установить язык   O Назад	X Встановити мову   O Назад	X 安装语言   O 返回	X 언어 설치   O 뒤로	X भाषा लें   O वापस	X تثبيت اللغة   O رجوع
UI LANGUAGE SAVED - RESTART TO APPLY	IDIOMA GUARDADO - REINICIA	LANGUE ENREGISTRÉE - REDÉMARREZ	SPRACHE GESPEICHERT - NEU STARTEN	言語を保存しました。再起動してください	ЯЗЫК СОХРАНЁН — ПЕРЕЗАПУСТИТЕ	МОВУ ЗБЕРЕЖЕНО — ПЕРЕЗАПУСТІТЬ	语言已保存，请重启应用	언어 저장됨 — 다시 시작하세요	भाषा सहेजी - फिर शुरू करें	تم حفظ اللغة - أعد التشغيل
LANGUAGE DOWNLOAD CANCELLED	DESCARGA DE IDIOMA CANCELADA	TÉLÉCHARGEMENT ANNULÉ	SPRACHDOWNLOAD ABGEBROCHEN	言語のダウンロードを中止しました	ЗАГРУЗКА ЯЗЫКА ОТМЕНЕНА	ЗАВАНТАЖЕННЯ МОВИ СКАСОВАНО	已取消语言下载	언어 다운로드 취소됨	भाषा डाउनलोड रद्द	ألغي تنزيل اللغة
LANGUAGE DOWNLOAD FAILED - TRY AGAIN	DESCARGA FALLIDA - REINTENTA	ÉCHEC DU TÉLÉCHARGEMENT - RÉESSAYEZ	DOWNLOAD FEHLGESCHLAGEN - ERNEUT VERSUCHEN	ダウンロードできませんでした。再試行してください	ЯЗЫК НЕ ЗАГРУЖЕН — ПОВТОРИТЕ	МОВУ НЕ ЗАВАНТАЖЕНО — ПОВТОРІТЬ	语言下载失败，请重试	언어 다운로드 실패 — 다시 시도	भाषा डाउनलोड विफल - फिर प्रयास करें	فشل تنزيل اللغة - حاول مجددا
INSTALLING UI LANGUAGE	INSTALANDO IDIOMA	INSTALLATION DE LA LANGUE	SPRACHE WIRD INSTALLIERT	表示言語をインストール中	УСТАНОВКА ЯЗЫКА	ВСТАНОВЛЕННЯ МОВИ	正在安装界面语言	인터페이스 언어 설치 중	इंटरफ़ेस भाषा इंस्टॉल जारी	جار تثبيت لغة الواجهة
Browser UI	Interfaz	Interface	Oberfläche	表示サイズ	Интерфейс	Інтерфейс	浏览器界面	브라우저 인터페이스	ब्राउज़र इंटरफ़ेस	واجهة المتصفح
Compact	Compacto	Compact	Kompakt	コンパクト	Компактный	Компактний	紧凑	간결하게	संक्षिप्त	مضغوط
Extracted text	Texto extraído	Texte extrait	Extrahierter Text	抽出した文字	Извлечённый текст	Видобутий текст	提取的文本	추출된 텍스트	निकाला गया पाठ	النص المستخرج
Web pages	Páginas web	Pages web	Webseiten	ウェブページ	Веб-страницы	Вебсторінки	网页	웹페이지	वेब पेज	صفحات الويب
Reader font	Fuente de lectura	Police de lecture	Leseschrift	リーダーのフォント	Шрифт чтения	Шрифт читання	阅读字体	읽기 글꼴	पठन फ़ॉन्ट	خط القراءة
Remember size	Recordar tamaño	Mémoriser la taille	Größe merken	サイズを記憶	Запоминать размер	Пам’ятати розмір	记住字号	크기 기억	आकार याद रखें	تذكر الحجم
Per site	Por sitio	Par site	Je Website	サイトごと	Для сайта	Для сайту	按网站	사이트별	हर साइट के लिए	لكل موقع
Auto Reader	Lectura automática	Lecture automatique	Automatischer Lesemodus	自動リーダー	Авточтение	Авточитання	自动阅读	자동 읽기	स्वचालित पठन	قراءة تلقائية
Heavy pages	Páginas pesadas	Pages lourdes	Große Seiten	重いページ	Тяжёлые страницы	Важкі сторінки	大型网页	무거운 페이지	भारी पेज	الصفحات الثقيلة
Run	Ejecutar	Exécuter	Ausführen	実行	Запускать	Запускати	运行	실행	चलाएँ	تشغيل
Basic view fallback	Vista básica de apoyo	Vue simple de secours	Basisansicht-Fallback	簡易表示への切り替え	Простой вид	Спрощений вигляд	简洁视图回退	간소화 보기 전환	सरल दृश्य विकल्प	بديل العرض المبسط
Home page	Página de inicio	Page d’accueil	Startseite	ホームページ	Главная страница	Головна сторінка	主页	홈페이지	मुखपृष्ठ	الصفحة الرئيسية
My links	Mis enlaces	Mes liens	Meine Links	自分のリンク	Мои ссылки	Мої посилання	我的链接	내 링크	मेरे लिंक	روابطي
Built-in	Integrado	Intégré	Eingebaut	内蔵	Встроенная	Вбудована	内置	내장	अंतर्निहित	مدمج
URL history	Historial de URL	Historique des URL	URL-Verlauf	URLの履歴	История адресов	Історія адрес	地址历史	주소 기록	पते का इतिहास	سجل العناوين
Restore page	Restaurar página	Restaurer la page	Seite wiederherstellen	ページを復元	Восстановить страницу	Відновити сторінку	恢复网页	페이지 복원	पेज बहाल करें	استعادة الصفحة
Hibernate tab	Suspender pestaña	Mettre l’onglet en veille	Tab auslagern	タブを退避	Выгружать вкладку	Вивантажувати вкладку	休眠标签页	탭 절전	टैब निष्क्रिय करें	إسبات التبويب
Experimental	Experimental	Expérimental	Experimentell	試験的な機能	Экспериментальное	Експериментальне	实验功能	실험 기능	प्रायोगिक	تجريبي
Advanced & experimental	Avanzado y experimental	Avancé et expérimental	Erweitert und experimentell	詳細と試験的な機能	Дополнительно	Додатково	高级与实验功能	고급 및 실험 기능	उन्नत और प्रायोगिक	متقدم وتجريبي
This site JS	JS de este sitio	JS de ce site	JS dieser Website	このサイトのJS	JS этого сайта	JS цього сайту	本网站 JS	이 사이트 JS	इस साइट का JS	JS لهذا الموقع
Global off	Desactivado globalmente	Désactivé partout	Global ausgeschaltet	全体でオフ	Выключен везде	Вимкнено всюди	全局关闭	전체 끄기	हर जगह बंद	إيقاف عام
Keyboard	Teclado	Clavier	Tastatur	キーボード	Клавиатура	Клавіатура	键盘	키보드	कीबोर्ड	لوحة المفاتيح
Game buttons	Botones de juego	Boutons de jeu	Spieltasten	ゲームのボタン	Кнопки игры	Кнопки гри	游戏按钮	게임 버튼	गेम बटन	أزرار الألعاب
Night mode	Modo nocturno	Mode nuit	Nachtmodus	ナイトモード	Ночной режим	Нічний режим	夜间模式	야간 모드	रात्रि मोड	الوضع الليلي
Theme	Tema	Thème	Design	テーマ	Тема	Тема	主题	테마	थीम	السمة
Audio-only	Solo audio	Audio seul	Nur Audio	音声のみ	Только звук	Лише звук	仅音频	오디오만	केवल ऑडियो	الصوت فقط
YouTube results	Resultados de YouTube	Résultats YouTube	YouTube-Ergebnisse	YouTubeの検索結果	Результаты YouTube	Результати YouTube	YouTube 搜索结果	YouTube 검색 결과	YouTube परिणाम	نتائج YouTube
Detailed	Detallado	Détaillé	Detailliert	詳細	Подробно	Докладно	详细	자세히	विस्तृत	مفصل
Video start	Inicio del vídeo	Démarrage vidéo	Videostart	動画の開始	Запуск видео	Запуск відео	视频启动	동영상 시작	वीडियो शुरू	بدء الفيديو
Buffered	Con búfer	Avec tampon	Gepuffert	バッファを確保	С буфером	З буфером	缓冲后启动	버퍼 후 시작	बफ़र के बाद	بعد التخزين
Immediate	Inmediato	Immédiat	Sofort	すぐに開始	Сразу	Одразу	立即	즉시	तुरंत	فورا
Resume saves	Reanudar descargas	Reprendre les téléchargements	Downloads fortsetzen	ダウンロードを再開	Продолжать загрузки	Поновлення завантажень	继续下载	다운로드 재개	डाउनलोड जारी रखें	استئناف التنزيل
Save playback position	Guardar posición	Mémoriser la position	Wiedergabeposition speichern	再生位置を保存	Сохранять позицию	Зберігати позицію	保存播放位置	재생 위치 저장	प्लेबैक स्थिति सहेजें	حفظ موضع التشغيل
Content blocker	Bloqueador de contenido	Bloqueur de contenu	Inhaltsblocker	コンテンツブロック	Блокировщик	Блокувальник	内容拦截	콘텐츠 차단	सामग्री अवरोधक	حجب المحتوى
Basic	Básico	Simple	Einfach	基本	Базовый	Базовий	基本	기본	सरल	أساسي
Custom	Personalizado	Personnalisé	Benutzerdefiniert	カスタム	Свой	Власний	自定义	사용자 지정	कस्टम	مخصص
Hide page ads	Ocultar anuncios	Masquer la publicité	Werbung ausblenden	広告を非表示	Скрывать рекламу	Ховати рекламу	隐藏广告	광고 숨기기	पेज के विज्ञापन छिपाएँ	إخفاء إعلانات الصفحة
Cookie notices	Avisos de cookies	Avis de cookies	Cookie-Hinweise	Cookieの通知	Уведомления cookie	Повідомлення cookie	Cookie 提示	쿠키 알림	कुकी सूचनाएँ	إشعارات الارتباط
Hidden	Ocultos	Masqués	Versteckt	非表示	Скрыты	Приховані	隐藏	숨김	छिपा हुआ	مخفي
Shown	Visibles	Affichés	Angezeigt	表示	Показаны	Показані	显示	표시	दिखाया गया	ظاهر
Allow site	Permitir sitio	Autoriser le site	Website erlauben	サイトを許可	Разрешить сайт	Дозволити сайт	允许网站	사이트 허용	साइट की अनुमति	السماح للموقع
Yes	Sí	Oui	Ja	はい	Да	Так	是	예	हाँ	نعم
No	No	Non	Nein	いいえ	Нет	Ні	否	아니요	नहीं	لا
Load allowlist	Cargar lista permitida	Charger la liste autorisée	Erlaubnisliste laden	許可リストを読み込む	Загрузить разрешения	Завантажити дозволи	加载允许列表	허용 목록 불러오기	अनुमति सूची लोड करें	تحميل قائمة السماح
Cookies & storage	Cookies y datos	Cookies et stockage	Cookies und Speicher	Cookieと保存領域	Cookie и хранилище	Cookie і сховище	Cookie 与存储	쿠키 및 저장소	कुकीज़ और संग्रह	الارتباط والتخزين
Allow	Permitir	Autoriser	Erlauben	許可	Разрешить	Дозволити	允许	허용	अनुमति दें	سماح
Block	Bloquear	Bloquer	Blockieren	ブロック	Блокировать	Блокувати	拦截	차단	रोकें	حجب
TLS ticket saving	Guardar tickets TLS	Conserver les tickets TLS	TLS-Tickets speichern	TLSチケットを保存	Сохранять билеты TLS	Зберігати квитки TLS	保存 TLS 票据	TLS 티켓 저장	TLS टिकट सहेजें	حفظ تذاكر TLS
Mixed HTTP (session)	HTTP mixto (sesión)	HTTP mixte (session)	Gemischtes HTTP (Sitzung)	混在HTTP（セッション）	Смешанный HTTP	Змішаний HTTP	混合 HTTP（本次）	혼합 HTTP (세션)	मिश्रित HTTP	HTTP مختلط (جلسة)
Third-party cookies	Cookies de terceros	Cookies tiers	Drittanbieter-Cookies	他サイトのCookie	Сторонние cookie	Сторонні cookie	第三方 Cookie	타사 쿠키	अन्य पक्ष की कुकीज़	ارتباط طرف ثالث
Wi-Fi profile	Perfil Wi-Fi	Profil Wi-Fi	WLAN-Profil	Wi-Fi接続設定	Профиль Wi-Fi	Профіль Wi-Fi	Wi-Fi 配置	Wi-Fi 프로필	Wi-Fi प्रोफ़ाइल	ملف Wi-Fi
Diagnostic QR	QR de diagnóstico	QR de diagnostic	Diagnose-QR	診断QR	QR диагностики	QR діагностики	诊断二维码	진단 QR	निदान QR	QR التشخيص
Save error reports	Guardar informes	Enregistrer les erreurs	Fehlerberichte speichern	エラーレポートの保存	Сохранять ошибки	Зберігати помилки	保存错误报告	오류 보고서 저장	त्रुटि रिपोर्ट सहेजें	حفظ تقارير الأخطاء
Verbose (RAM)	Detallado (RAM)	Détaillé (RAM)	Ausführlich (RAM)	詳細（RAM）	Подробно (ОЗУ)	Докладно (ОЗП)	详细（内存）	상세 (RAM)	विस्तृत (RAM)	مفصل (RAM)
YouTube home topics	Temas de YouTube	Thèmes YouTube	YouTube-Startthemen	YouTubeの話題	Темы YouTube	Теми YouTube	YouTube 首页话题	YouTube 홈 주제	YouTube विषय	مواضيع YouTube
Update check	Buscar actualizaciones	Vérifier les mises à jour	Update-Prüfung	更新の確認	Проверка обновлений	Перевірка оновлень	更新检查	업데이트 확인	अपडेट जाँच	فحص التحديث
Version and update	Versión y actualización	Version et mise à jour	Version und Update	バージョンと更新	Версия и обновление	Версія й оновлення	版本与更新	버전 및 업데이트	संस्करण और अपडेट	الإصدار والتحديث
New	Nuevo	Nouveau	Neu	新しい	Новое	Нове	新	새 항목	नया	جديد
Site data & storage	Datos y espacio del sitio	Données et stockage du site	Websitedaten und Speicher	サイトデータと保存領域	Данные сайта	Дані сайту	网站数据与存储	사이트 데이터 및 저장소	साइट डेटा और संग्रह	بيانات الموقع والتخزين
X Open   O Back	X Abrir   O Atrás	X Ouvrir   O Retour	X Öffnen   O Zurück	X 開く   O 戻る	X Открыть   O Назад	X Відкрити   O Назад	X 打开   O 返回	X 열기   O 뒤로	X खोलें   O वापस	X فتح   O رجوع
English	Inglés	Anglais	Englisch	英語	Английский	Англійська	英语	영어	अंग्रेज़ी	الإنجليزية
Spanish	Español	Espagnol	Spanisch	スペイン語	Испанский	Іспанська	西班牙语	스페인어	स्पेनिश	الإسبانية
French	Francés	Français	Französisch	フランス語	Французский	Французька	法语	프랑스어	फ़्रेंच	الفرنسية
German	Alemán	Allemand	Deutsch	ドイツ語	Немецкий	Німецька	德语	독일어	जर्मन	الألمانية
Japanese	Japonés	Japonais	Japanisch	日本語	Японский	Японська	日语	일본어	जापानी	اليابانية
Installed	Instalado	Installé	Installiert	インストール済み	Установлен	Встановлено	已安装	설치됨	इंस्टॉल है	مثبت
Checking...	Comprobando...	Vérification...	Prüfung...	確認中...	Проверка...	Перевірка...	检查中...	확인 중...	जाँच जारी...	جار الفحص...
Downloading...	Descargando...	Téléchargement...	Download...	ダウンロード中...	Загрузка...	Завантаження...	下载中...	다운로드 중...	डाउनलोड जारी...	جار التنزيل...
Installing...	Instalando...	Installation...	Installation...	インストール中...	Установка...	Встановлення...	安装中...	설치 중...	इंस्टॉल जारी...	جار التثبيت...
Try again	Reintentar	Réessayer	Erneut versuchen	再試行	Повторить	Повторити	请重试	다시 시도	फिर प्रयास करें	حاول مجددا
Extended Latin	Latín ampliado	Latin étendu	Erweitertes Latein	拡張ラテン文字	Расшир. латиница	Розшир. латиниця	扩展拉丁字母	확장 라틴 문자	विस्तृत लैटिन	لاتيني موسع
Cyrillic	Cirílico	Cyrillique	Kyrillisch	キリル文字	Кириллица	Кирилиця	西里尔字母	키릴 문자	सिरिलिक	السيريلية
Korean	Coreano	Coréen	Koreanisch	韓国語	Корейский	Корейська	韩语	한국어	कोरियाई	الكورية
Arabic	Árabe	Arabe	Arabisch	アラビア語	Арабский	Арабська	阿拉伯语	아랍어	अरबी	العربية
Hebrew	Hebreo	Hébreu	Hebräisch	ヘブライ語	Иврит	Іврит	希伯来语	히브리어	हिब्रू	العبرية
Page tools	Herramientas de página	Outils de page	Seitenwerkzeuge	ページの操作	Инструменты страницы	Інструменти сторінки	网页工具	페이지 도구	पेज उपकरण	أدوات الصفحة
Help & diagnostics	Ayuda y diagnóstico	Aide et diagnostic	Hilfe und Diagnose	ヘルプと診断	Помощь и диагностика	Довідка й діагностика	帮助与诊断	도움말 및 진단	सहायता और निदान	المساعدة والتشخيص
Exit to XMB	Salir al XMB	Quitter vers le XMB	Zum XMB beenden	XMBに戻る	Выйти в XMB	Вийти до XMB	退出至 XMB	XMB로 나가기	XMB पर जाएँ	خروج إلى XMB
Press X again to exit	Pulsa X de nuevo para salir	Appuyez encore sur X	Erneut X zum Beenden	もう一度Xで終了	Ещё раз X для выхода	Ще раз X для виходу	再按 X 退出	X를 다시 눌러 종료	बाहर जाने के लिए फिर X दबाएँ	اضغط X مجددا للخروج
X Open   O Back   Start Address	X Abrir   O Atrás   Start Dirección	X Ouvrir   O Retour   Start Adresse	X Öffnen   O Zurück   Start Adresse	X 開く   O 戻る   Start アドレス	X Открыть   O Назад   Start Адрес	X Відкрити   O Назад   Start Адреса	X 打开   O 返回   Start 地址	X 열기   O 뒤로   Start 주소	X खोलें   O वापस   Start पता	X فتح   O رجوع   Start عنوان
X Open or toggle   O Back	X Abrir o cambiar   O Atrás	X Ouvrir ou changer   O Retour	X Öffnen/umschalten   O Zurück	X 開く・切替   O 戻る	X Открыть/изменить   O Назад	X Відкрити/змінити   O Назад	X 打开或切换   O 返回	X 열기/전환   O 뒤로	X खोलें/बदलें   O वापस	X فتح أو تبديل   O رجوع
Add/remove bookmark	Añadir/quitar marcador	Ajouter/supprimer un favori	Lesezeichen ändern	ブックマークの追加・削除	Изменить закладку	Змінити закладку	添加或删除书签	북마크 추가/삭제	बुकमार्क जोड़ें/हटाएँ	إضافة/حذف إشارة
Save article	Guardar artículo	Enregistrer l’article	Artikel speichern	記事を保存	Сохранить статью	Зберегти статтю	保存文章	문서 저장	लेख सहेजें	حفظ المقالة
Save screenshot	Guardar captura	Enregistrer une capture	Bildschirmfoto speichern	画面を保存	Снимок экрана	Знімок екрана	保存截图	화면 캡처 저장	स्क्रीनशॉट सहेजें	حفظ صورة الشاشة
Site information	Información del sitio	Informations du site	Websiteinformationen	サイト情報	Сведения о сайте	Відомості про сайт	网站信息	사이트 정보	साइट जानकारी	معلومات الموقع
Install offline app	Instalar aplicación	Installer l’application	App installieren	アプリをインストール	Установить приложение	Встановити застосунок	安装离线应用	오프라인 앱 설치	ऑफ़लाइन ऐप लें	تثبيت تطبيق محلي
Permissions & controls	Permisos y controles	Autorisations et contrôles	Berechtigungen	権限と操作	Разрешения и управление	Дозволи й керування	权限与控制	권한 및 제어	अनुमति और नियंत्रण	الأذونات والتحكم
Content blocking	Bloquear contenido	Blocage du contenu	Inhalte blockieren	コンテンツのブロック	Блокировка контента	Блокування вмісту	内容拦截	콘텐츠 차단	सामग्री अवरोधन	حجب المحتوى
Always Reader	Siempre lectura	Toujours en lecture	Immer Lesemodus	常にリーダー	Всегда режим чтения	Завжди режим читання	始终使用阅读模式	항상 읽기 모드	हमेशा पठन मोड	القراءة دائما
Site storage	Datos del sitio	Stockage du site	Websitespeicher	サイトの保存領域	Хранилище сайта	Сховище сайту	网站存储	사이트 저장소	साइट संग्रह	تخزين الموقع
Check Wi-Fi sign-in	Comprobar acceso Wi-Fi	Vérifier l’accès Wi-Fi	WLAN-Anmeldung prüfen	Wi-Fiのログイン確認	Проверить вход Wi-Fi	Перевірити вхід Wi-Fi	检查 Wi-Fi 登录	Wi-Fi 로그인 확인	Wi-Fi लॉगिन जाँचें	فحص دخول Wi-Fi
Last error summary	Resumen del último error	Résumé de la dernière erreur	Letzter Fehler	最後のエラー	Последняя ошибка	Остання помилка	最近错误摘要	최근 오류 요약	अंतिम त्रुटि सारांश	ملخص آخر خطأ
Controls guide	Guía de controles	Guide des commandes	Bedienungsanleitung	操作ガイド	Управление	Керування	操作指南	조작 안내	नियंत्रण मार्गदर्शिका	دليل التحكم
Version & system	Versión y sistema	Version et système	Version und System	バージョンと本体	Версия и система	Версія й система	版本与系统	버전 및 시스템	संस्करण और सिस्टम	الإصدار والنظام
Licences	Licencias	Licences	Lizenzen	ライセンス	Лицензии	Ліцензії	许可证	라이선스	लाइसेंस	التراخيص
Settings > Video > Audio & subtitles	Ajustes > Vídeo > Audio y subtítulos	Réglages > Vidéo > Audio et sous-titres	Einstellungen > Video > Audio/Untertitel	設定 > 動画 > 音声と字幕	Настройки > Видео > Звук и субтитры	Налаштування > Відео > Звук і субтитри	设置 > 视频 > 音频与字幕	설정 > 동영상 > 오디오 및 자막	सेटिंग्स > वीडियो > ऑडियो और उपशीर्षक	الإعدادات > الفيديو > الصوت والترجمة
Russian	Ruso	Russe	Russisch	ロシア語	Русский	Російська	俄语	러시아어	रूसी	الروسية
Ukrainian	Ucraniano	Ukrainien	Ukrainisch	ウクライナ語	Украинский	Українська	乌克兰语	우크라이나어	यूक्रेनी	الأوكرانية
Chinese (Simplified)	Chino simplificado	Chinois simplifié	Chinesisch (vereinfacht)	中国語（簡体字）	Китайский (упрощ.)	Китайська (спрощ.)	简体中文	중국어 (간체)	चीनी (सरल)	الصينية (مبسطة)
Chinese (Traditional)	Chino tradicional	Chinois traditionnel	Chinesisch (traditionell)	中国語（繁体字）	Китайский (традиц.)	Китайська (традиц.)	繁体中文	중국어 (번체)	चीनी (पारंपरिक)	الصينية (تقليدية)
Hindi	Hindi	Hindi	Hindi	ヒンディー語	Хинди	Гінді	印地语	힌디어	हिन्दी	الهندية
Devanagari (Hindi)	Devanagari (hindi)	Dévanagari (hindi)	Devanagari (Hindi)	デーヴァナーガリー（ヒンディー語）	Деванагари (хинди)	Деванагарі (гінді)	天城文（印地语）	데바나가리 (힌디어)	देवनागरी (हिन्दी)	الديفناغرية (الهندية)
X or Left/Right change   L/R category   O Back	X/Izq/Der cambiar   L/R categoría   O Atrás	X/Gauche/Droite régler   L/R rubrique   O Retour	X/Links/Rechts ändern   L/R Gruppe   O Zurück	X/左右で変更   L/R 分類   O 戻る	X/Лево/Право выбор   L/R раздел   O назад	X/Ліво/Право вибір   L/R розділ   O назад	X/左右更改   L/R 分类   O 返回	X/좌우 변경   L/R 분류   O 뒤로	X/बाएँ/दाएँ बदलें   L/R वर्ग   O वापस	X/يسار/يمين تغيير   L/R فئة   O رجوع
X Open / confirm   O Back	X Abrir/aceptar   O Atrás	X Ouvrir/valider   O Retour	X Öffnen/bestätigen   O Zurück	X 開く・決定   O 戻る	X открыть/принять   O назад	X відкрити/прийняти   O назад	X 打开/确认   O 返回	X 열기/확인   O 뒤로	X खोलें/पुष्टि   O वापस	X فتح/تأكيد   O رجوع
X Confirm   O Back	X Aceptar   O Atrás	X Valider   O Retour	X Bestätigen   O Zurück	X 決定   O 戻る	X подтвердить   O назад	X підтвердити   O назад	X 确认   O 返回	X 확인   O 뒤로	X पुष्टि   O वापस	X تأكيد   O رجوع
X Choose   O Return	X Elegir   O Volver	X Choisir   O Retour	X Wählen   O Zurück	X 選択   O 戻る	X выбрать   O назад	X вибрати   O назад	X 选择   O 返回	X 선택   O 뒤로	X चुनें   O वापस	X اختيار   O رجوع
O Back	O Atrás	O Retour	O Zurück	O 戻る	O назад	O назад	O 返回	O 뒤로	O वापस	O رجوع
X Open   Square Close   O Back	X Abrir   □ Cerrar   O Atrás	X Ouvrir   □ Fermer   O Retour	X Öffnen   □ Schließen   O Zurück	X 開く   □ 閉じる   O 戻る	X открыть   □ закрыть   O назад	X відкрити   □ закрити   O назад	X 打开   □ 关闭   O 返回	X 열기   □ 닫기   O 뒤로	X खोलें   □ बंद   O वापस	X فتح   □ إغلاق   O رجوع
X Select   O Back	X Elegir   O Atrás	X Choisir   O Retour	X Wählen   O Zurück	X 選択   O 戻る	X выбрать   O назад	X вибрати   O назад	X 选择   O 返回	X 선택   O 뒤로	X चुनें   O वापस	X اختيار   O رجوع
X Retry   O Back	X Reintentar   O Atrás	X Réessayer   O Retour	X Erneut versuchen   O Zurück	X 再試行   O 戻る	X повторить   O назад	X повторити   O назад	X 重试   O 返回	X 재시도   O 뒤로	X फिर प्रयास   O वापस	X إعادة   O رجوع
X or Left/Right change   O Back	X/Izq/Der cambiar   O Atrás	X/Gauche/Droite régler   O Retour	X/Links/Rechts ändern   O Zurück	X/左右で変更   O 戻る	X/Лево/Право выбор   O назад	X/Ліво/Право вибір   O назад	X/左右更改   O 返回	X/좌우 변경   O 뒤로	X/बाएँ/दाएँ बदलें   O वापस	X/يسار/يمين تغيير   O رجوع
X Open   Left/Right change   O Back	X Abrir   Izq/Der cambiar   O Atrás	X Ouvrir   Gauche/Droite régler   O Retour	X Öffnen   Links/Rechts ändern   O Zurück	X 開く   左右で変更   O 戻る	X открыть   Лево/Право   O назад	X відкрити   Ліво/Право   O назад	X 打开   左右更改   O 返回	X 열기   좌우 변경   O 뒤로	X खोलें   बाएँ/दाएँ बदलें   O वापस	X فتح   يسار/يمين تغيير   O رجوع
X Delete   O Back	X Borrar   O Atrás	X Supprimer   O Retour	X Löschen   O Zurück	X 削除   O 戻る	X удалить   O назад	X видалити   O назад	X 删除   O 返回	X 삭제   O 뒤로	X मिटाएँ   O वापस	X حذف   O رجوع
X Confirm clear   O Cancel	X Confirmar borrado   O Cancelar	X Confirmer l’effacement   O Annuler	X Löschen bestätigen   O Abbrechen	X 消去を確認   O 中止	X очистить   O отмена	X очистити   O скасувати	X 确认清除   O 取消	X 삭제 확인   O 취소	X मिटाने की पुष्टि   O रद्द	X تأكيد المسح   O إلغاء
X or Left/Right change   L/R section	X/Izq/Der cambiar   L/R sección	X/Gauche/Droite régler   L/R section	X/Links/Rechts ändern   L/R Bereich	X/左右で変更   L/R 区分	X/Лево/Право выбор   L/R раздел	X/Ліво/Право вибір   L/R розділ	X/左右更改   L/R 分区	X/좌우 변경   L/R 구역	X/बाएँ/दाएँ बदलें   L/R अनुभाग	X/يسار/يمين تغيير   L/R قسم
L/R CATEGORY   X SELECT   O BACK	L/R Categoría   X Elegir   O Atrás	L/R Rubrique   X Choisir   O Retour	L/R Gruppe   X Wählen   O Zurück	L/R 分類   X 選択   O 戻る	L/R раздел   X выбрать   O назад	L/R розділ   X вибрати   O назад	L/R 分类   X 选择   O 返回	L/R 분류   X 선택   O 뒤로	L/R वर्ग   X चुनें   O वापस	L/R فئة   X اختيار   O رجوع
X OPEN   START SEARCH   SELECT MENU	X Abrir   Start Buscar   Select Menú	X Ouvrir   Start Chercher   Select Menu	X Öffnen   Start Suche   Select Menü	X 開く   Start 検索   Select メニュー	X открыть   Start поиск   Select меню	X відкрити   Start пошук   Select меню	X 打开   Start 搜索   Select 菜单	X 열기   Start 검색   Select 메뉴	X खोलें   Start खोज   Select मेन्यू	X فتح   Start بحث   Select قائمة
X OPEN WHEN READY   SELECT MENU	X Abrir cuando esté listo   Select Menú	X Ouvrir une fois prêt   Select Menu	X Öffnen wenn bereit   Select Menü	X 準備後に開く   Select メニュー	X открыть после загрузки   Select меню	X відкрити після завантаження   Select меню	X 就绪后打开   Select 菜单	X 준비 후 열기   Select 메뉴	X तैयार होने पर खोलें   Select मेन्यू	X فتح عند الجاهزية   Select قائمة
X opens or toggles.  O goes back.	X abre o cambia. O vuelve.	X ouvre ou change. O revient.	X öffnet/ändert. O geht zurück.	Xで開く・切替。Oで戻る。	X открыть/изменить. O назад.	X відкрити/змінити. O назад.	X 打开或切换。O 返回。	X 열기/전환. O 뒤로.	X खोलें/बदलें। O वापस।	X فتح/تبديل. O رجوع.
Start opens Address.  Square reloads.	Start: dirección. □: recargar.	Start : adresse. □ : actualiser.	Start: Adresse. □: neu laden.	Startでアドレス。□で再読込。	Start адрес. □ обновить.	Start адреса. □ оновити.	Start 地址。□ 重新加载。	Start 주소. □ 새로고침.	Start पता। □ फिर लोड करें।	Start عنوان. □ إعادة تحميل.
Select: menu.  L/R: page/category.	Select: menú. L/R: página/categoría.	Select : menu. L/R : page/rubrique.	Select: Menü. L/R: Seite/Gruppe.	Selectでメニュー。L/Rでページ・分類。	Select меню. L/R страница/раздел.	Select меню. L/R сторінка/розділ.	Select 菜单。L/R 页面/分类。	Select 메뉴. L/R 페이지/분류.	Select मेन्यू। L/R पेज/वर्ग।	Select قائمة. L/R صفحة/فئة.
Analog moves the pointer or scrolls.	Stick: mover cursor o desplazar.	Stick : curseur ou défilement.	Stick: Zeiger bewegen/scrollen.	スティックでポインター移動・スクロール。	Стик: курсор или прокрутка.	Стік: курсор або прокручування.	摇杆移动指针或滚动。	스틱으로 포인터 이동/스크롤.	स्टिक से कर्सर या स्क्रॉल।	العصا لتحريك المؤشر أو التمرير.
Hold Start+Select for page controls.	Mantén Start+Select: control de página.	Maintenir Start+Select : contrôle page.	Start+Select halten: Seitensteuerung.	Start+Select長押しでページ操作。	Держать Start+Select: кнопки странице.	Тримати Start+Select: кнопки сторінці.	长按 Start+Select 将按键交给页面。	Start+Select 길게: 페이지 조작.	Start+Select दबाकर रखें: पेज नियंत्रण।	اضغط مطولا Start+Select للتحكم بالصفحة.
PAGE CONTROLS  START+SELECT EXIT	CONTROL DE PÁGINA   START+SELECT SALIR	CONTRÔLE PAGE   START+SELECT QUITTER	SEITENSTEUERUNG   START+SELECT ENDE	ページ操作   START+SELECT 終了	КНОПКИ СТРАНИЦЕ   START+SELECT ВЫХОД	КНОПКИ СТОРІНЦІ   START+SELECT ВИХІД	页面控制   START+SELECT 退出	페이지 조작   START+SELECT 종료	पेज नियंत्रण   START+SELECT बाहर	تحكم الصفحة   START+SELECT خروج
PAGE CONTROLS  HOLD START+SELECT TO EXIT	CONTROL PÁGINA   MANTÉN START+SELECT SALIR	CONTRÔLE PAGE   MAINTENIR START+SELECT	SEITENSTEUERUNG   START+SELECT HALTEN	ページ操作   START+SELECT 長押しで終了	КНОПКИ СТРАНИЦЕ   ДЕРЖАТЬ START+SELECT	КНОПКИ СТОРІНЦІ   ТРИМАТИ START+SELECT	页面控制   长按 START+SELECT 退出	페이지 조작   START+SELECT 길게: 종료	पेज नियंत्रण   START+SELECT दबाकर बाहर	تحكم الصفحة   اضغط مطولا START+SELECT للخروج
Up/Down Part  O Back	Arriba/Abajo Parte   O Atrás	Haut/Bas Partie   O Retour	Oben/Unten Teil   O Zurück	上下で部分を選択   O 戻る	Вверх/вниз часть   O назад	Вгору/вниз частина   O назад	上下选择部分   O 返回	상하 부분 선택   O 뒤로	ऊपर/नीचे भाग   O वापस	أعلى/أسفل جزء   O رجوع
Up/Down selects a menu item.	Arriba/Abajo: elegir opción.	Haut/Bas : choisir une option.	Oben/Unten: Menüpunkt wählen.	上下でメニュー項目を選択。	Вверх/вниз: выбор пункта меню.	Вгору/вниз: вибір пункту меню.	上下选择菜单项。	상하로 메뉴 항목 선택.	ऊपर/नीचे से मेन्यू चुनें।	أعلى/أسفل لاختيار عنصر القائمة.
