scenario	url	replay_dir	trace_sha256	expected_http	required_title	required_state_marker	fallback_markers	interstitial_markers	device_width	device_height	css_width	css_height	scale_numerator	scale_denominator	checkpoints	reference_state	limit_mb	ticks	tick_ms	max_download_kb	script_timeout_ms	script_heap_mb	script_total_mb	script_file_kb	script_count	min_stylesheets_loaded	min_images_loaded	min_scripts_loaded	min_network_completions	max_pending
example	https://example.com/	example	PENDING	200	Example Domain	More information	Access Denied||Error 403	Checking your browser||Just a moment	480	272	980	556	480	980	top|-|bottom	example/reference-state.json	8	16	16	1024	10000	4	1	384	16	0	0	0	0	0
hacker-news	https://news.ycombinator.com/	hacker-news	c2af13ce59191b64824c2e86924377aa6452d8d33d2ee240bd8c8cfd1c5f8edc	200	Hacker News	Hacker News	Access Denied||Error 403	Checking your browser||Just a moment	480	272	480	272	1	1	top|anchor:48952135|bottom	hacker-news/reference-state.json	12	32	16	1024	10000	4	1	384	16	1	0	0	0	0
govuk	https://www.gov.uk/	govuk	0f2556c98c5e29c4ce7a96f58aa07b039f582bdc6225ffd12b7da0d5083296cb	200	Welcome to GOV.UK	Search GOV.UK	Access Denied||Error 403	Checking your browser||Just a moment	480	272	480	272	1	1	top|anchor:content|bottom	govuk/reference-state.json	18	80	16	2048	10000	6	2	384	24	2	3	5	0	0
wikipedia	https://en.wikipedia.org/wiki/PlayStation_Portable	wikipedia	PENDING	200	PlayStation Portable	PlayStation Portable	Access Denied||Error 403	Checking your browser||Just a moment	480	272	480	272	1	1	top|anchor:History|anchor:Hardware|bottom	wikipedia/reference-state.json	24	80	16	4096	10000	8	4	512	48	1	1	0	0	0
reddit-old	https://old.reddit.com/r/PSP/	reddit-old	PENDING	200	PSP	PSP	Access Denied||Error 403	Checking your browser||Just a moment	480	272	1024	581	480	1024	top|anchor:siteTable|bottom	reddit-old/reference-state.json	12	48	16	2048	10000	4	1	384	24	1	0	0	0	0
nytimes	https://www.nytimes.com/	nytimes	PENDING	200	The New York Times	The New York Times	Access Denied||Error 403||JavaScript is disabled	Checking your browser||Just a moment	480	272	480	272	1	1	top|selector:#site-content|bottom	nytimes/reference-state.json	28	120	16	4096	10000	8	4	1024	48	1	1	0	0	2
npr	https://www.npr.org/	npr	7ffaaccf93154153b9649412aca4906e52177dc4e62c7fed1da342f8df52ccfc	200	NPR	NPR	Access Denied||Error 403	Checking your browser||Just a moment	480	272	480	272	1	1	top|anchor:res1002-118|bottom	npr/reference-state.json	32	120	16	4096	10000	8	4	1024	48	2	0	0	0	0
stackoverflow	https://stackoverflow.com/questions	stackoverflow	eebc919bc0989917827e01de29b50888f0130638928912ef1bd67ac0c31337e9	200	Newest Questions	Newest Questions	Enable JavaScript and cookies to continue||Access Denied||Error 403	Checking your browser||Just a moment	480	272	480	272	1	1	top|anchor:question-summary-79981223|bottom	stackoverflow/reference-state.json	28	120	16	4096	10000	8	4	1024	48	2	0	0	0	0
apple	https://www.apple.com/	apple	41ce6e74abde202055a129708bbc920eacf1437e2fc324e68531e0e59b946e5f	200	Apple	College, sorted.	Access Denied||Error 403	Checking your browser||Just a moment	480	272	480	272	1	1	top|selector:[data-tile-id="iphone-family"]|bottom	apple/reference-state.json	32	160	16	4096	10000	8	4	1536	64	7	8	1	0	1
